what,kind,bundleId,bundleVersion,description,time
locale,sysinfo,,,"ko_KR",1331627315437
processors,sysinfo,,,"2",1331627315437
java.runtime.name,sysinfo,,,"Java(TM) SE Runtime Environment",1331627315437
java.runtime.version,sysinfo,,,"1.6.0_31-b05",1331627315437
java.specification.name,sysinfo,,,"Java Platform API Specification",1331627315437
java.specification.vendor,sysinfo,,,"Sun Microsystems Inc.",1331627315437
java.specification.version,sysinfo,,,"1.6",1331627315437
java.vendor,sysinfo,,,"Sun Microsystems Inc.",1331627315437
java.version,sysinfo,,,"1.6.0_31",1331627315437
java.vm.info,sysinfo,,,"mixed mode, sharing",1331627315437
java.vm.name,sysinfo,,,"Java HotSpot(TM) Client VM",1331627315437
java.vm.specification.name,sysinfo,,,"Java Virtual Machine Specification",1331627315437
java.vm.specification.vendor,sysinfo,,,"Sun Microsystems Inc.",1331627315437
java.vm.specification.version,sysinfo,,,"1.0",1331627315437
java.vm.vendor,sysinfo,,,"Sun Microsystems Inc.",1331627315437
java.vm.version,sysinfo,,,"20.6-b01",1331627315437
deactivated,workbench,org.eclipse.ui.workbench,3.7.1.v20120104-1859,"",1331627316218
activated,workbench,org.eclipse.ui.workbench,3.7.1.v20120104-1859,"",1331627346578
executed,command,org.eclipse.ui,3.7.0.v20110928-1505,"org.eclipse.ui.window.preferences",1331627346609
deactivated,workbench,org.eclipse.ui.workbench,3.7.1.v20120104-1859,"",1331627347531
activated,workbench,org.eclipse.ui.workbench,3.7.1.v20120104-1859,"",1331627348593
closed,workbench,org.eclipse.ui.workbench,3.7.1.v20120104-1859,"",1331627348765
stopped,bundle,org.eclipse.jst.ws.axis.creation.ui,1.0.700.v201104070312,"org.eclipse.jst.ws.axis.creation.ui",1331627349156
stopped,bundle,org.eclipse.jst.ws.axis.consumption.ui,1.0.505.v201004211805,"org.eclipse.jst.ws.axis.consumption.ui",1331627349156
stopped,bundle,org.eclipse.jst.ws.axis.consumption.core,1.0.407.v201104071820,"org.eclipse.jst.ws.axis.consumption.core",1331627349156
stopped,bundle,org.eclipse.jst.ws.axis2.creation.ui,1.0.104.v201004211805,"org.eclipse.jst.ws.axis2.creation.ui",1331627349156
stopped,bundle,org.eclipse.jst.ws.axis2.consumption.ui,1.0.103.v201004211805,"org.eclipse.jst.ws.axis2.consumption.ui",1331627349156
stopped,bundle,org.eclipse.jst.ws.axis2.creation.core,1.0.106.v201004211805,"org.eclipse.jst.ws.axis2.creation.core",1331627349156
stopped,bundle,org.eclipse.jst.ws.axis2.consumption.core,1.0.105.v201004211805,"org.eclipse.jst.ws.axis2.consumption.core",1331627349171
stopped,bundle,org.eclipse.jst.ws.axis2.ui,1.0.303.v201003110431,"org.eclipse.jst.ws.axis2.ui",1331627349171
stopped,bundle,org.eclipse.jst.ws.axis2.core,1.0.204.v201004211805,"org.eclipse.jst.ws.axis2.core",1331627349171
stopped,bundle,org.eclipse.jst.ws.cxf.creation.ui,1.0.100.v201104022153,"org.eclipse.jst.ws.cxf.creation.ui",1331627349171
stopped,bundle,org.eclipse.jst.ws.creation.ui,1.0.609.v201103082016,"org.eclipse.jst.ws.creation.ui",1331627349171
activated,perspective,org.eclipse.jst.j2ee.ui,,"org.eclipse.jst.j2ee.J2EEPerspective",1331627449171
started,bundle,org.eclipse.osgi,3.7.2.v20120110-1415,"org.eclipse.osgi",1331627449171
started,bundle,org.eclipse.equinox.simpleconfigurator,1.0.200.v20110815-1438,"org.eclipse.equinox.simpleconfigurator",1331627449171
started,bundle,com.ibm.icu,4.4.2.v20110823,"com.ibm.icu",1331627449171
started,bundle,org.eclipse.compare,3.5.202.R37x_v20111109-0800,"org.eclipse.compare",1331627449171
started,bundle,org.eclipse.compare.core,3.5.200.I20110208-0800,"org.eclipse.compare.core",1331627449171
started,bundle,org.eclipse.core.contenttype,3.4.100.v20110423-0524,"org.eclipse.core.contenttype",1331627449171
started,bundle,org.eclipse.core.databinding.observable,1.4.0.I20110222-0800,"org.eclipse.core.databinding.observable",1331627449171
started,bundle,org.eclipse.core.expressions,3.4.300.v20110228,"org.eclipse.core.expressions",1331627449171
started,bundle,org.eclipse.core.filebuffers,3.5.200.v20110928-1504,"org.eclipse.core.filebuffers",1331627449171
started,bundle,org.eclipse.core.filesystem,1.3.100.v20110423-0524,"org.eclipse.core.filesystem",1331627449171
started,bundle,org.eclipse.core.jobs,3.5.101.v20120113-1953,"org.eclipse.core.jobs",1331627449171
started,bundle,org.eclipse.core.net,1.2.100.I20110511-0800,"org.eclipse.core.net",1331627449187
started,bundle,org.eclipse.core.resources,3.7.101.v20120125-1505,"org.eclipse.core.resources",1331627449187
started,bundle,org.eclipse.core.runtime,3.7.0.v20110110,"org.eclipse.core.runtime",1331627449187
started,bundle,org.eclipse.core.runtime.compatibility,3.2.100.v20100505,"org.eclipse.core.runtime.compatibility",1331627449187
started,bundle,org.eclipse.core.runtime.compatibility.auth,3.2.200.v20110110,"org.eclipse.core.runtime.compatibility.auth",1331627449187
started,bundle,org.eclipse.emf.common,2.7.0.v20120127-1122,"org.eclipse.emf.common",1331627449187
started,bundle,org.eclipse.emf.common.ui,2.7.0.v20120130-0943,"org.eclipse.emf.common.ui",1331627449187
started,bundle,org.eclipse.emf.ecore,2.7.0.v20120127-1122,"org.eclipse.emf.ecore",1331627449187
started,bundle,org.eclipse.emf.ecore.xmi,2.7.0.v20120127-1122,"org.eclipse.emf.ecore.xmi",1331627449187
started,bundle,org.eclipse.emf.edit,2.7.2.v20120130-0943,"org.eclipse.emf.edit",1331627449187
started,bundle,org.eclipse.emf.edit.ui,2.7.0.v20120130-0943,"org.eclipse.emf.edit.ui",1331627449187
started,bundle,org.eclipse.epp.mpc.ui,1.1.1.I20110907-0947,"org.eclipse.epp.mpc.ui",1331627449187
started,bundle,org.eclipse.epp.usagedata.gathering,1.3.1.R201106061540,"org.eclipse.epp.usagedata.gathering",1331627449187
started,bundle,org.eclipse.epp.usagedata.recording,1.3.1.R201106061540,"org.eclipse.epp.usagedata.recording",1331627449187
started,bundle,org.eclipse.equinox.app,1.3.100.v20110321,"org.eclipse.equinox.app",1331627449187
started,bundle,org.eclipse.equinox.common,3.6.0.v20110523,"org.eclipse.equinox.common",1331627449187
started,bundle,org.eclipse.equinox.ds,1.3.1.R37x_v20110701,"org.eclipse.equinox.ds",1331627449187
started,bundle,org.eclipse.equinox.event,1.2.100.v20110502,"org.eclipse.equinox.event",1331627449187
started,bundle,org.eclipse.equinox.p2.core,2.1.1.v20120113-1346,"org.eclipse.equinox.p2.core",1331627449187
started,bundle,org.eclipse.equinox.p2.directorywatcher,1.0.300.v20110815-1419,"org.eclipse.equinox.p2.directorywatcher",1331627449187
started,bundle,org.eclipse.equinox.p2.engine,2.1.1.R37x_v20111003,"org.eclipse.equinox.p2.engine",1331627449187
started,bundle,org.eclipse.equinox.p2.metadata,2.1.0.v20110815-1419,"org.eclipse.equinox.p2.metadata",1331627449203
started,bundle,org.eclipse.equinox.p2.metadata.repository,1.2.0.v20110815-1419,"org.eclipse.equinox.p2.metadata.repository",1331627449203
started,bundle,org.eclipse.equinox.p2.operations,2.1.1.R37x_v20111111,"org.eclipse.equinox.p2.operations",1331627449203
started,bundle,org.eclipse.equinox.p2.reconciler.dropins,1.1.100.v20110815-1419,"org.eclipse.equinox.p2.reconciler.dropins",1331627449203
started,bundle,org.eclipse.equinox.p2.repository,2.1.1.v20120113-1346,"org.eclipse.equinox.p2.repository",1331627449203
started,bundle,org.eclipse.equinox.p2.ui.sdk.scheduler,1.0.100.v20110815-1419,"org.eclipse.equinox.p2.ui.sdk.scheduler",1331627449203
started,bundle,org.eclipse.equinox.p2.updatechecker,1.1.200.v20110815-1419,"org.eclipse.equinox.p2.updatechecker",1331627449203
started,bundle,org.eclipse.equinox.preferences,3.4.2.v20120111-2020,"org.eclipse.equinox.preferences",1331627449203
started,bundle,org.eclipse.equinox.registry,3.5.101.R37x_v20110810-1611,"org.eclipse.equinox.registry",1331627449203
started,bundle,org.eclipse.equinox.security,1.1.1.R37x_v20110822-1018,"org.eclipse.equinox.security",1331627449203
started,bundle,org.eclipse.equinox.util,1.0.300.v20110502,"org.eclipse.equinox.util",1331627449203
started,bundle,org.eclipse.help,3.5.100.v20110426,"org.eclipse.help",1331627449203
started,bundle,org.eclipse.jdt.core,3.7.3.v20120119-1537,"org.eclipse.jdt.core",1331627449203
started,bundle,org.eclipse.jdt.core.manipulation,1.4.0.v20110928-1453,"org.eclipse.jdt.core.manipulation",1331627449203
started,bundle,org.eclipse.jdt.ui,3.7.2.v20120109-1427,"org.eclipse.jdt.ui",1331627449203
started,bundle,org.eclipse.jem.util,2.1.100.v201103021400,"org.eclipse.jem.util",1331627449218
started,bundle,org.eclipse.jface,3.7.0.v20110928-1505,"org.eclipse.jface",1331627449218
started,bundle,org.eclipse.jsch.core,1.1.300.I20110514-0800,"org.eclipse.jsch.core",1331627449218
started,bundle,org.eclipse.jst.j2ee.webservice,1.1.400.v201004110600,"org.eclipse.jst.j2ee.webservice",1331627449218
started,bundle,org.eclipse.jst.j2ee.webservice.ui,1.1.500.v201105122000,"org.eclipse.jst.j2ee.webservice.ui",1331627449218
started,bundle,org.eclipse.jst.ws.jaxws.utils,1.0.100.v201201031437,"org.eclipse.jst.ws.jaxws.utils",1331627449218
started,bundle,org.eclipse.mylyn.bugzilla.core,3.6.5.v20120123-0100,"org.eclipse.mylyn.bugzilla.core",1331627449218
started,bundle,org.eclipse.mylyn.bugzilla.ui,3.6.0.v20110608-1400,"org.eclipse.mylyn.bugzilla.ui",1331627449218
started,bundle,org.eclipse.mylyn.commons.identity,0.8.0.v20110608-1400,"org.eclipse.mylyn.commons.identity",1331627449218
started,bundle,org.eclipse.mylyn.commons.net,3.6.0.v20110608-1400,"org.eclipse.mylyn.commons.net",1331627449218
started,bundle,org.eclipse.mylyn.commons.ui,3.6.1.v20110720-0100,"org.eclipse.mylyn.commons.ui",1331627449218
started,bundle,org.eclipse.mylyn.context.core,3.6.1.v20110720-0100,"org.eclipse.mylyn.context.core",1331627449218
started,bundle,org.eclipse.mylyn.context.ui,3.6.1.v20120112-0100,"org.eclipse.mylyn.context.ui",1331627449218
started,bundle,org.eclipse.mylyn.monitor.ui,3.6.0.v20110608-1400,"org.eclipse.mylyn.monitor.ui",1331627449218
started,bundle,org.eclipse.mylyn.tasks.ui,3.6.5.v20120215-0100,"org.eclipse.mylyn.tasks.ui",1331627449218
started,bundle,org.eclipse.mylyn.team.ui,3.6.1.v20110825-0100,"org.eclipse.mylyn.team.ui",1331627449218
started,bundle,org.eclipse.search,3.7.0.v20110928-1504,"org.eclipse.search",1331627449218
started,bundle,org.eclipse.team.core,3.6.0.I20110525-0800,"org.eclipse.team.core",1331627449218
started,bundle,org.eclipse.team.cvs.core,3.3.400.I20110510-0800,"org.eclipse.team.cvs.core",1331627449218
started,bundle,org.eclipse.team.cvs.ui,3.3.401.v20120126-1227,"org.eclipse.team.cvs.ui",1331627449218
started,bundle,org.eclipse.team.ui,3.6.101.R37x_v20111109-0800,"org.eclipse.team.ui",1331627449218
started,bundle,org.eclipse.ui,3.7.0.v20110928-1505,"org.eclipse.ui",1331627449218
started,bundle,org.eclipse.ui.console,3.5.100.v20111007_r372,"org.eclipse.ui.console",1331627449234
started,bundle,org.eclipse.ui.editors,3.7.0.v20110928-1504,"org.eclipse.ui.editors",1331627449234
started,bundle,org.eclipse.ui.forms,3.5.101.v20111011-1919,"org.eclipse.ui.forms",1331627449234
started,bundle,org.eclipse.ui.ide,3.7.0.v20110928-1505,"org.eclipse.ui.ide",1331627449234
started,bundle,org.eclipse.ui.navigator,3.5.101.v20120106-1355,"org.eclipse.ui.navigator",1331627449234
started,bundle,org.eclipse.ui.navigator.resources,3.4.300.v20110928-1505,"org.eclipse.ui.navigator.resources",1331627449234
started,bundle,org.eclipse.ui.net,1.2.100.v20111208-1155,"org.eclipse.ui.net",1331627449234
started,bundle,org.eclipse.ui.views,3.6.0.v20110928-1505,"org.eclipse.ui.views",1331627449234
started,bundle,org.eclipse.ui.workbench,3.7.1.v20120104-1859,"org.eclipse.ui.workbench",1331627449234
started,bundle,org.eclipse.ui.workbench.texteditor,3.7.0.v20110928-1504,"org.eclipse.ui.workbench.texteditor",1331627449234
started,bundle,org.eclipse.update.configurator,3.3.100.v20100512,"org.eclipse.update.configurator",1331627449234
started,bundle,org.eclipse.update.core,3.2.500.v20110330,"org.eclipse.update.core",1331627449234
started,bundle,org.eclipse.update.scheduler,3.2.300.v20100512,"org.eclipse.update.scheduler",1331627449234
started,bundle,org.eclipse.wst.common.emf,1.2.100.v201101101900,"org.eclipse.wst.common.emf",1331627449234
started,bundle,org.eclipse.wst.common.emfworkbench.integration,1.2.101.v201107140600,"org.eclipse.wst.common.emfworkbench.integration",1331627449234
started,bundle,org.eclipse.wst.common.frameworks,1.2.102.v201201190400,"org.eclipse.wst.common.frameworks",1331627449234
started,bundle,org.eclipse.wst.common.project.facet.core,1.4.201.v201201101553,"org.eclipse.wst.common.project.facet.core",1331627449234
started,bundle,org.eclipse.wst.web,1.1.501.v201201190400,"org.eclipse.wst.web",1331627449234
started,bundle,com.collabnet.subversion.merge,3.0.7,"com.collabnet.subversion.merge",1331627449250
started,bundle,org.tigris.subversion.clientadapter,1.8.1,"org.tigris.subversion.clientadapter",1331627449250
started,bundle,org.tigris.subversion.subclipse.core,1.8.5,"org.tigris.subversion.subclipse.core",1331627449250
started,bundle,org.tigris.subversion.subclipse.mylyn,3.0.0,"org.tigris.subversion.subclipse.mylyn",1331627449250
started,bundle,org.tigris.subversion.subclipse.tools.usage,1.1.0,"org.tigris.subversion.subclipse.tools.usage",1331627449250
started,bundle,org.tigris.subversion.subclipse.ui,1.8.5,"org.tigris.subversion.subclipse.ui",1331627449250
started,bundle,com.python.pydev.analysis,2.4.0.2012020116,"com.python.pydev.analysis",1331627449250
started,bundle,org.python.pydev,2.4.0.2012020116,"org.python.pydev",1331627449250
started,bundle,org.python.pydev.core,2.4.0.2012020116,"org.python.pydev.core",1331627449250
os,sysinfo,,,"win32",1331627449250
arch,sysinfo,,,"x86",1331627449250
ws,sysinfo,,,"win32",1331627449250
locale,sysinfo,,,"ko_KR",1331627449250
processors,sysinfo,,,"2",1331627449250
java.runtime.name,sysinfo,,,"Java(TM) SE Runtime Environment",1331627449250
java.runtime.version,sysinfo,,,"1.6.0_31-b05",1331627449250
java.specification.name,sysinfo,,,"Java Platform API Specification",1331627449250
java.specification.vendor,sysinfo,,,"Sun Microsystems Inc.",1331627449250
java.specification.version,sysinfo,,,"1.6",1331627449250
java.vendor,sysinfo,,,"Sun Microsystems Inc.",1331627449250
java.version,sysinfo,,,"1.6.0_31",1331627449250
java.vm.info,sysinfo,,,"mixed mode, sharing",1331627449250
java.vm.name,sysinfo,,,"Java HotSpot(TM) Client VM",1331627449250
java.vm.specification.name,sysinfo,,,"Java Virtual Machine Specification",1331627449250
java.vm.specification.vendor,sysinfo,,,"Sun Microsystems Inc.",1331627449250
java.vm.specification.version,sysinfo,,,"1.0",1331627449250
java.vm.vendor,sysinfo,,,"Sun Microsystems Inc.",1331627449250
java.vm.version,sysinfo,,,"20.6-b01",1331627449250
deactivated,workbench,org.eclipse.ui.workbench,3.7.1.v20120104-1859,"",1331627450343
started,bundle,org.eclipse.core.variables,3.2.500.v20110928-1503,"org.eclipse.core.variables",1331627482281
activated,workbench,org.eclipse.ui.workbench,3.7.1.v20120104-1859,"",1331627490765
executed,command,org.eclipse.ui,3.7.0.v20110928-1505,"org.eclipse.ui.window.preferences",1331627490796
deactivated,workbench,org.eclipse.ui.workbench,3.7.1.v20120104-1859,"",1331627501343
activated,workbench,org.eclipse.ui.workbench,3.7.1.v20120104-1859,"",1331627510921
deactivated,workbench,org.eclipse.ui.workbench,3.7.1.v20120104-1859,"",1331627511828
started,bundle,org.eclipse.ui.browser,3.3.101.v20111019-1723,"org.eclipse.ui.browser",1331627514234
activated,workbench,org.eclipse.ui.workbench,3.7.1.v20120104-1859,"",1331627517531
executed,command,org.eclipse.ui,3.7.0.v20110928-1505,"org.eclipse.ui.window.preferences",1331627517546
deactivated,workbench,org.eclipse.ui.workbench,3.7.1.v20120104-1859,"",1331627518187
activated,workbench,org.eclipse.ui.workbench,3.7.1.v20120104-1859,"",1331627528359
deactivated,workbench,org.eclipse.ui.workbench,3.7.1.v20120104-1859,"",1331627532906
started,bundle,org.tigris.subversion.clientadapter.javahl,1.7.3,"org.tigris.subversion.clientadapter.javahl",1331627553515
started,bundle,org.tigris.subversion.clientadapter.svnkit,1.7.0,"org.tigris.subversion.clientadapter.svnkit",1331627553515
started,bundle,org.tmatesoft.svnkit,1.7.0.beta1_t20120217_2107,"org.tmatesoft.svnkit",1331627557078
started,bundle,org.eclipse.debug.core,3.7.1.v20111129-2031,"org.eclipse.debug.core",1331627588531
started,bundle,org.eclipse.debug.ui,3.7.102.v20111129-1423_r372,"org.eclipse.debug.ui",1331627588796
activated,workbench,org.eclipse.ui.workbench,3.7.1.v20120104-1859,"",1331627603171
executed,command,org.eclipse.ui,3.7.0.v20110928-1505,"org.eclipse.ui.window.preferences",1331627603187
started,bundle,org.eclipse.equinox.p2.ui.sdk,1.0.200.v20110815-1419,"org.eclipse.equinox.p2.ui.sdk",1331627612968
started,bundle,org.eclipse.equinox.p2.ui,2.1.1.v20120113-1346,"org.eclipse.equinox.p2.ui",1331627613046
started,bundle,org.eclipse.equinox.p2.transport.ecf,1.0.0.v20111128-0624,"org.eclipse.equinox.p2.transport.ecf",1331627614687
started,bundle,org.eclipse.ecf.filetransfer,5.0.0.v20110531-2218,"org.eclipse.ecf.filetransfer",1331627614750
started,bundle,org.eclipse.ecf.identity,3.1.100.v20110531-2218,"org.eclipse.ecf.identity",1331627614765
started,bundle,org.eclipse.ecf,3.1.300.v20110531-2218,"org.eclipse.ecf",1331627614875
started,bundle,org.eclipse.ecf.provider.filetransfer.httpclient,4.0.0.v20110531-2218,"org.eclipse.ecf.provider.filetransfer.httpclient",1331627615015
started,bundle,org.eclipse.ecf.provider.filetransfer,3.2.0.v20110531-2218,"org.eclipse.ecf.provider.filetransfer",1331627615062
deactivated,workbench,org.eclipse.ui.workbench,3.7.1.v20120104-1859,"",1331627615781
activated,workbench,org.eclipse.ui.workbench,3.7.1.v20120104-1859,"",1331627616687
executed,command,org.eclipse.equinox.p2.ui.sdk,1.0.200.v20110815-1419,"org.eclipse.equinox.p2.ui.sdk.install",1331627616703
deactivated,workbench,org.eclipse.ui.workbench,3.7.1.v20120104-1859,"",1331627620906
activated,workbench,org.eclipse.ui.workbench,3.7.1.v20120104-1859,"",1331627626765
executed,command,org.eclipse.ui,3.7.0.v20110928-1505,"org.eclipse.ui.file.import",1331627626781
executed,command,org.eclipse.ui,3.7.0.v20110928-1505,"org.eclipse.ui.file.import",1331627626781
deactivated,workbench,org.eclipse.ui.workbench,3.7.1.v20120104-1859,"",1331627628078
activated,workbench,org.eclipse.ui.workbench,3.7.1.v20120104-1859,"",1331627654609
executed,command,org.eclipse.ui,3.7.0.v20110928-1505,"org.eclipse.ui.window.preferences",1331627654640
deactivated,workbench,org.eclipse.ui.workbench,3.7.1.v20120104-1859,"",1331627656187
activated,workbench,org.eclipse.ui.workbench,3.7.1.v20120104-1859,"",1331627657062
closed,workbench,org.eclipse.ui.workbench,3.7.1.v20120104-1859,"",1331627657171
stopped,bundle,org.eclipse.jst.ws.axis.creation.ui,1.0.700.v201104070312,"org.eclipse.jst.ws.axis.creation.ui",1331627657734
stopped,bundle,org.eclipse.jst.ws.axis.consumption.ui,1.0.505.v201004211805,"org.eclipse.jst.ws.axis.consumption.ui",1331627657734
stopped,bundle,org.eclipse.jst.ws.axis.consumption.core,1.0.407.v201104071820,"org.eclipse.jst.ws.axis.consumption.core",1331627657734
stopped,bundle,org.eclipse.jst.ws.axis2.creation.ui,1.0.104.v201004211805,"org.eclipse.jst.ws.axis2.creation.ui",1331627657734
stopped,bundle,org.eclipse.jst.ws.axis2.consumption.ui,1.0.103.v201004211805,"org.eclipse.jst.ws.axis2.consumption.ui",1331627657734
stopped,bundle,org.eclipse.jst.ws.axis2.creation.core,1.0.106.v201004211805,"org.eclipse.jst.ws.axis2.creation.core",1331627657734
stopped,bundle,org.eclipse.jst.ws.axis2.consumption.core,1.0.105.v201004211805,"org.eclipse.jst.ws.axis2.consumption.core",1331627657734
